ix,iy,x,y,astar_steps,r0_latent_distance,r2_latent_distance
0,0,0.5,0.5,10,8.708906,7.0657663
0,1,0.5,0.6,9,8.625949,7.003636
0,2,0.5,0.7,8,7.7827516,6.226129
0,3,0.5,0.8,7,7.3997407,5.806575
0,4,0.5,0.9,6,7.0948195,5.5164404
0,5,0.5,1.0,5,7.1486692,5.6167426
0,6,0.5,1.1,6,7.198663,5.6943464
0,7,0.5,1.2,7,7.5757637,6.4313
0,8,0.5,1.3,8,7.823953,6.755934
0,9,0.5,1.4,9,8.357368,7.047999
0,10,0.5,1.5,10,8.410977,7.5338607
0,11,0.5,1.6,11,8.667649,7.676295
0,12,0.5,1.7,12,10.027085,8.487695
0,13,0.5,1.8,13,10.330293,8.816664
0,14,0.5,1.9,14,10.975983,9.162343
0,15,0.5,2.0,15,11.202495,9.570192
0,16,0.5,2.1,16,11.582974,9.763806
0,17,0.5,2.2,17,12.322792,10.035268
0,18,0.5,2.3,18,12.61463,10.562776
0,19,0.5,2.4,19,13.363787,11.03594
0,20,0.5,2.5,20,13.464596,11.23281
0,21,0.5,2.6,21,13.660325,11.396995
0,22,0.5,2.7,22,13.82267,11.4958
0,23,0.5,2.8,23,13.879444,11.673641
0,24,0.5,2.9,24,14.234941,12.020812
0,25,0.5,3.0,25,14.396373,12.242842
0,26,0.5,3.1,26,14.483965,12.348215
1,0,0.6,0.5,9,8.599519,7.0694513
1,1,0.6,0.6,8,8.369594,6.8279743
1,2,0.6,0.7,7,7.4528236,5.950162
1,3,0.6,0.8,6,7.1873307,5.6264043
1,4,0.6,0.9,5,6.800532,5.4466386
1,5,0.6,1.0,4,6.768046,5.415982
1,6,0.6,1.1,5,6.8515306,5.5460796
1,7,0.6,1.2,6,7.3566046,6.3019366
1,8,0.6,1.3,7,7.6451473,6.5553226
1,9,0.6,1.4,8,8.231186,7.0005097
1,10,0.6,1.5,9,8.337534,7.435046
1,11,0.6,1.6,10,8.506921,7.574024
1,12,0.6,1.7,11,9.867529,8.369961
1,13,0.6,1.8,12,10.157282,8.63679
1,14,0.6,1.9,13,10.8194065,9.071572
1,15,0.6,2.0,14,11.145749,9.475245
1,16,0.6,2.1,15,11.436793,9.647156
1,17,0.6,2.2,16,12.039829,9.97596
1,18,0.6,2.3,17,12.526107,10.38297
1,19,0.6,2.4,18,13.129572,10.870632
1,20,0.6,2.5,19,13.378255,11.149957
1,21,0.6,2.6,20,13.52917,11.318717
1,22,0.6,2.7,21,13.69293,11.345773
1,23,0.6,2.8,22,13.716338,11.476577
1,24,0.6,2.9,23,14.247843,11.981476
1,25,0.6,3.0,24,14.498975,12.340125
1,26,0.6,3.1,25,14.595412,12.404036
2,0,0.7,0.5,8,7.860861,6.491535
2,1,0.7,0.6,7,7.515096,6.1450396
2,2,0.7,0.7,6,6.6766124,5.4686155
2,3,0.7,0.8,5,6.1334324,4.8104987
2,4,0.7,0.9,4,5.5403137,4.2367287
2,5,0.7,1.0,3,5.061041,3.9261513
2,6,0.7,1.1,4,5.1559997,4.030212
2,7,0.7,1.2,5,6.26385,4.8631725
2,8,0.7,1.3,6,6.867958,5.347099
2,9,0.7,1.4,7,7.396637,6.1763563
2,10,0.7,1.5,8,7.618057,6.613541
2,11,0.7,1.6,9,7.7424498,6.826717
2,12,0.7,1.7,10,9.090198,7.5410485
2,13,0.7,1.8,11,10.137914,8.138217
2,14,0.7,1.9,12,10.736173,8.782176
2,15,0.7,2.0,13,11.291624,9.309747
2,16,0.7,2.1,14,11.359237,9.4395685
2,17,0.7,2.2,15,11.884677,9.858466
2,18,0.7,2.3,16,12.91383,10.380295
2,19,0.7,2.4,17,13.316438,10.708918
2,20,0.7,2.5,18,13.730159,11.289743
2,21,0.7,2.6,19,13.841552,11.473946
2,22,0.7,2.7,20,14.322483,11.764819
2,23,0.7,2.8,21,14.456935,11.9758215
2,24,0.7,2.9,22,14.658058,12.237795
2,25,0.7,3.0,23,14.664029,12.432682
2,26,0.7,3.1,24,14.689588,12.621657
3,0,0.8,0.5,7,7.4111395,5.861533
3,1,0.8,0.6,6,7.312017,5.7596097
3,2,0.8,0.7,5,6.221892,5.194364
3,3,0.8,0.8,4,6.1112304,4.8954005
3,4,0.8,0.9,3,4.9807367,3.961784
3,5,0.8,1.0,2,4.7860184,3.4341435
3,6,0.8,1.1,3,4.503694,3.328788
3,7,0.8,1.2,4,6.070931,4.913652
3,8,0.8,1.3,5,6.5573025,5.133988
3,9,0.8,1.4,6,6.6814337,5.5690517
3,10,0.8,1.5,7,7.1985774,6.168787
3,11,0.8,1.6,8,7.3718786,6.3540606
3,12,0.8,1.7,9,8.827052,7.481006
3,13,0.8,1.8,10,10.18592,8.220562
3,14,0.8,1.9,11,10.516531,8.442161
3,15,0.8,2.0,12,11.158814,9.159314
3,16,0.8,2.1,13,11.340914,9.311512
3,17,0.8,2.2,14,11.991389,9.852129
3,18,0.8,2.3,15,12.956694,10.680607
3,19,0.8,2.4,16,13.466176,10.789703
3,20,0.8,2.5,17,13.529114,11.203289
3,21,0.8,2.6,18,13.768064,11.515899
3,22,0.8,2.7,19,14.452697,11.995924
3,23,0.8,2.8,20,14.724623,12.229175
3,24,0.8,2.9,21,14.869025,12.284876
3,25,0.8,3.0,22,14.521623,12.260728
3,26,0.8,3.1,23,14.591882,12.385116
4,0,0.9,0.5,6,6.4687953,5.4846506
4,1,0.9,0.6,5,6.430432,5.4072857
4,2,0.9,0.7,4,4.923312,4.540397
4,3,0.9,0.8,3,4.5215545,4.2647934
4,4,0.9,0.9,2,4.0496826,3.515623
4,5,0.9,1.0,1,3.439178,2.5502367
4,6,0.9,1.1,2,3.6347585,2.7008045
4,7,0.9,1.2,3,4.9881067,3.9761457
4,8,0.9,1.3,4,5.6153307,4.447002
4,9,0.9,1.4,5,5.5678754,4.7212706
4,10,0.9,1.5,6,6.2434688,5.4541545
4,11,0.9,1.6,7,6.6549416,5.733474
4,12,0.9,1.7,8,8.430996,7.089753
4,13,0.9,1.8,9,9.462611,7.495474
4,14,0.9,1.9,10,9.588431,7.7349834
4,15,0.9,2.0,11,10.337327,8.537179
4,16,0.9,2.1,12,10.792361,8.909281
4,17,0.9,2.2,13,11.876202,9.794164
4,18,0.9,2.3,14,12.3749275,10.193555
4,19,0.9,2.4,15,12.376807,10.383596
4,20,0.9,2.5,16,12.775477,10.794696
4,21,0.9,2.6,17,13.417164,11.297652
4,22,0.9,2.7,18,14.361752,11.980261
4,23,0.9,2.8,19,14.302748,11.911231
4,24,0.9,2.9,20,14.214364,12.106308
4,25,0.9,3.0,21,14.395294,12.29039
4,26,0.9,3.1,22,14.66936,12.456018
5,0,1.0,0.5,5,6.4402943,5.9050555
5,1,1.0,0.6,4,6.288848,5.70916
5,2,1.0,0.7,3,4.401995,4.2166553
5,3,1.0,0.8,2,3.727119,3.4281752
5,4,1.0,0.9,1,2.5968018,2.4262137
5,5,1.0,1.0,0,0.0,0.0
5,6,1.0,1.1,1,1.2074023,1.2397444
5,7,1.0,1.2,2,3.5009823,2.8956356
5,8,1.0,1.3,3,4.6334686,3.6131983
5,9,1.0,1.4,4,5.076439,4.155648
5,10,1.0,1.5,5,5.8499947,4.9238253
5,11,1.0,1.6,6,6.286162,5.349752
5,12,1.0,1.7,7,7.8702273,6.431141
5,13,1.0,1.8,8,8.631539,6.941504
5,14,1.0,1.9,9,8.715928,7.248263
5,15,1.0,2.0,10,9.574281,7.888466
5,16,1.0,2.1,11,10.163479,8.427897
5,17,1.0,2.2,12,11.334095,9.365981
5,18,1.0,2.3,13,11.842602,9.787397
5,19,1.0,2.4,14,12.106533,10.09269
5,20,1.0,2.5,15,12.49932,10.571357
5,21,1.0,2.6,16,12.893494,10.9535265
5,22,1.0,2.7,17,13.851481,11.739436
5,23,1.0,2.8,18,13.722983,11.605728
5,24,1.0,2.9,19,14.018219,11.948058
5,25,1.0,3.0,20,14.016401,12.129377
5,26,1.0,3.1,21,14.349062,12.366724
6,0,1.1,0.5,6,6.5653753,6.0469584
6,1,1.1,0.6,5,6.2935658,5.691638
6,2,1.1,0.7,4,4.4757214,4.0296173
6,3,1.1,0.8,3,3.975731,3.4363933
6,4,1.1,0.9,2,2.5277796,1.9857553
6,5,1.1,1.0,1,0.9008877,0.8703228
6,6,1.1,1.1,2,1.0628123,1.1103485
6,7,1.1,1.2,3,3.395761,2.7410486
6,8,1.1,1.3,4,4.213102,3.3132055
6,9,1.1,1.4,5,4.9658484,4.147806
6,10,1.1,1.5,6,5.65171,4.8125257
6,11,1.1,1.6,7,6.0441923,5.1736627
6,12,1.1,1.7,8,7.64379,6.279023
6,13,1.1,1.8,9,8.52592,6.8783517
6,14,1.1,1.9,10,8.811884,7.440334
6,15,1.1,2.0,11,9.577829,7.856325
6,16,1.1,2.1,12,9.977749,8.289252
6,17,1.1,2.2,13,11.155819,9.305997
6,18,1.1,2.3,14,11.774251,9.685319
6,19,1.1,2.4,15,12.250173,10.156554
6,20,1.1,2.5,16,12.595152,10.660583
6,21,1.1,2.6,17,12.956653,10.997894
6,22,1.1,2.7,18,13.693299,11.514506
6,23,1.1,2.8,19,13.743388,11.594636
6,24,1.1,2.9,20,14.000759,11.857458
6,25,1.1,3.0,21,14.095233,12.122609
6,26,1.1,3.1,22,14.436496,12.366129
7,20,1.2,2.5,17,13.121914,10.923647
7,21,1.2,2.6,18,13.253199,11.175265
7,22,1.2,2.7,19,13.966346,11.744822
7,23,1.2,2.8,20,14.436378,12.137385
7,24,1.2,2.9,21,14.652736,12.271198
7,25,1.2,3.0,22,14.621401,12.374889
7,26,1.2,3.1,23,14.823216,12.597364
8,20,1.3,2.5,18,13.320204,11.098394
8,21,1.3,2.6,19,13.496465,11.350283
8,22,1.3,2.7,20,14.19517,11.997333
8,23,1.3,2.8,21,14.707993,12.389104
8,24,1.3,2.9,22,14.891305,12.513479
8,25,1.3,3.0,23,14.651554,12.382788
8,26,1.3,3.1,24,14.798273,12.558534
9,20,1.4,2.5,19,12.973963,11.130192
9,21,1.4,2.6,20,13.390262,11.567039
9,22,1.4,2.7,21,14.103036,11.987284
9,23,1.4,2.8,22,14.111613,11.905919
9,24,1.4,2.9,23,14.180179,12.084476
9,25,1.4,3.0,24,14.388428,12.376567
9,26,1.4,3.1,25,14.811058,12.689831
10,20,1.5,2.5,20,12.845275,11.034619
10,21,1.5,2.6,21,13.199404,11.45577
10,22,1.5,2.7,22,13.697291,11.756814
10,23,1.5,2.8,23,13.758199,11.621027
10,24,1.5,2.9,24,14.087433,11.937135
10,25,1.5,3.0,25,14.208032,12.244723
10,26,1.5,3.1,26,14.512491,12.421147
11,20,1.6,2.5,21,12.950378,11.094242
11,21,1.6,2.6,22,13.200458,11.3261795
11,22,1.6,2.7,23,13.6051035,11.614339
11,23,1.6,2.8,24,13.800564,11.679314
11,24,1.6,2.9,25,14.132154,12.037676
11,25,1.6,3.0,26,14.27553,12.255451
11,26,1.6,3.1,27,14.475931,12.374466
12,20,1.7,2.5,22,13.540269,11.473427
12,21,1.7,2.6,23,13.587922,11.578399
12,22,1.7,2.7,24,13.966131,12.055457
12,23,1.7,2.8,25,14.206103,12.090119
12,24,1.7,2.9,26,14.605976,12.457108
12,25,1.7,3.0,27,14.7440405,12.556748
12,26,1.7,3.1,28,14.9983,12.775208
13,20,1.8,2.5,23,14.081437,11.832845
13,21,1.8,2.6,24,14.257136,12.029013
13,22,1.8,2.7,25,14.732638,12.4605465
13,23,1.8,2.8,26,15.183108,12.763269
13,24,1.8,2.9,27,15.205673,12.904308
13,25,1.8,3.0,28,14.895976,12.671631
13,26,1.8,3.1,29,15.037702,12.850413
14,20,1.9,2.5,24,14.054714,11.95039
14,21,1.9,2.6,25,14.318688,12.216551
14,22,1.9,2.7,26,14.582744,12.46665
14,23,1.9,2.8,27,14.779169,12.62568
14,24,1.9,2.9,28,15.017895,12.851005
14,25,1.9,3.0,29,14.931252,12.872663
14,26,1.9,3.1,30,15.284058,13.183613
15,20,2.0,2.5,25,14.110141,12.096747
15,21,2.0,2.6,26,14.209611,12.271005
15,22,2.0,2.7,27,14.514991,12.453528
15,23,2.0,2.8,28,14.470906,12.444494
15,24,2.0,2.9,29,14.837834,12.706062
15,25,2.0,3.0,30,14.635927,12.8112755
15,26,2.0,3.1,31,14.976251,13.015484
16,20,2.1,2.5,26,14.209401,12.26373
16,21,2.1,2.6,27,14.31402,12.384044
16,22,2.1,2.7,28,14.542912,12.466965
16,23,2.1,2.8,29,14.601826,12.574678
16,24,2.1,2.9,30,14.950588,12.883581
16,25,2.1,3.0,31,14.661505,12.822818
16,26,2.1,3.1,32,15.094342,13.128693
17,20,2.2,2.5,27,14.856989,12.764189
17,21,2.2,2.6,28,14.986497,12.8884325
17,22,2.2,2.7,29,15.129452,13.0561075
17,23,2.2,2.8,30,15.048628,13.019851
17,24,2.2,2.9,31,15.178423,13.123805
17,25,2.2,3.0,32,15.172704,13.210488
17,26,2.2,3.1,33,15.497163,13.4401865
18,20,2.3,2.5,28,14.914994,12.946899
18,21,2.3,2.6,29,15.020241,13.046153
18,22,2.3,2.7,30,15.434756,13.4139185
18,23,2.3,2.8,31,15.883185,13.819515
18,24,2.3,2.9,32,16.08365,13.970931
18,25,2.3,3.0,33,15.51222,13.45203
18,26,2.3,3.1,34,15.672873,13.641759
19,20,2.4,2.5,29,14.879623,12.968164
19,21,2.4,2.6,30,14.999836,13.128302
19,22,2.4,2.7,31,15.588063,13.726153
19,23,2.4,2.8,32,15.96252,13.98491
19,24,2.4,2.9,33,16.023296,14.019651
19,25,2.4,3.0,34,15.498223,13.622717
19,26,2.4,3.1,35,15.799053,13.890944
20,0,2.5,0.5,50,15.573994,14.679552
20,1,2.5,0.6,49,15.596448,14.652509
20,2,2.5,0.7,48,15.662108,14.594693
20,3,2.5,0.8,47,15.848969,14.698571
20,4,2.5,0.9,46,15.96599,14.567014
20,5,2.5,1.0,45,14.908605,13.7863655
20,6,2.5,1.1,44,14.752945,13.663096
20,7,2.5,1.2,43,15.385069,14.067567
20,8,2.5,1.3,42,15.418406,13.948432
20,9,2.5,1.4,41,15.406794,13.708657
20,10,2.5,1.5,40,14.6095495,13.337863
20,11,2.5,1.6,39,14.536422,13.23061
20,12,2.5,1.7,38,15.42502,13.740131
20,13,2.5,1.8,37,15.460837,13.753925
20,14,2.5,1.9,36,15.4335985,13.726875
20,15,2.5,2.0,35,14.619302,13.17484
20,16,2.5,2.1,34,14.80983,13.299246
20,17,2.5,2.2,33,15.401745,13.575209
20,18,2.5,2.3,32,15.41291,13.548437
20,19,2.5,2.4,31,15.541887,13.66038
20,20,2.5,2.5,30,15.060847,13.374819
20,21,2.5,2.6,31,14.968245,13.300124
20,22,2.5,2.7,32,15.420925,13.707487
20,23,2.5,2.8,33,15.5021515,13.7179785
20,24,2.5,2.9,34,15.878725,13.999175
20,25,2.5,3.0,35,15.641035,13.888451
20,26,2.5,3.1,36,15.821907,13.919425
21,0,2.6,0.5,51,15.704293,14.854951
21,1,2.6,0.6,50,15.7937765,14.86284
21,2,2.6,0.7,49,15.836034,14.82537
21,3,2.6,0.8,48,16.009441,14.982408
21,4,2.6,0.9,47,15.909544,14.772519
21,5,2.6,1.0,46,14.772687,14.027047
21,6,2.6,1.1,45,14.917233,14.064873
21,7,2.6,1.2,44,15.391528,14.177523
21,8,2.6,1.3,43,15.570583,14.138157
21,9,2.6,1.4,42,15.5764475,13.918418
21,10,2.6,1.5,41,14.703986,13.514061
21,11,2.6,1.6,40,14.718773,13.462025
21,12,2.6,1.7,39,15.460108,13.837371
21,13,2.6,1.8,38,15.668045,14.006615
21,14,2.6,1.9,37,15.708926,13.96615
21,15,2.6,2.0,36,14.934068,13.479052
21,16,2.6,2.1,35,15.070624,13.564048
21,17,2.6,2.2,34,15.507496,13.786668
21,18,2.6,2.3,33,15.587098,13.848749
21,19,2.6,2.4,32,15.701094,13.876301
21,20,2.6,2.5,31,15.19978,13.555743
21,21,2.6,2.6,32,15.088397,13.4181185
21,22,2.6,2.7,33,15.683641,13.877872
21,23,2.6,2.8,34,15.58513,13.867319
21,24,2.6,2.9,35,15.80752,13.993647
21,25,2.6,3.0,36,15.416553,13.71196
21,26,2.6,3.1,37,15.633594,13.787207
22,0,2.7,0.5,52,16.218338,15.069856
22,1,2.7,0.6,51,16.14263,15.097745
22,2,2.7,0.7,50,16.709848,15.571037
22,3,2.7,0.8,49,16.9663,15.8209715
22,4,2.7,0.9,48,16.644186,15.325903
22,5,2.7,1.0,47,16.189234,15.056616
22,6,2.7,1.1,46,16.209467,15.057034
22,7,2.7,1.2,45,16.374378,15.190725
22,8,2.7,1.3,44,15.977573,14.500804
22,9,2.7,1.4,43,16.23069,14.440361
22,10,2.7,1.5,42,15.774,14.211878
22,11,2.7,1.6,41,15.6795225,14.122355
22,12,2.7,1.7,40,16.193823,14.379196
22,13,2.7,1.8,39,16.060923,14.277767
22,14,2.7,1.9,38,16.252182,14.278205
22,15,2.7,2.0,37,15.71664,13.924546
22,16,2.7,2.1,36,15.6771555,13.889233
22,17,2.7,2.2,35,16.139542,14.212267
22,18,2.7,2.3,34,16.027563,14.082124
22,19,2.7,2.4,33,15.998157,14.192921
22,20,2.7,2.5,32,15.773157,14.052248
22,21,2.7,2.6,33,15.759842,13.988993
22,22,2.7,2.7,34,16.100084,14.383553
22,23,2.7,2.8,35,15.898412,14.149318
22,24,2.7,2.9,36,15.839246,14.040115
22,25,2.7,3.0,37,15.51084,13.747818
22,26,2.7,3.1,38,15.764648,13.944357
23,0,2.8,0.5,53,16.464905,15.495172
23,1,2.8,0.6,52,16.413607,15.542036
23,2,2.8,0.7,51,17.319317,16.252539
23,3,2.8,0.8,50,17.540287,16.13368
23,4,2.8,0.9,49,16.552998,15.339053
23,5,2.8,1.0,48,16.118607,15.07215
23,6,2.8,1.1,47,16.150997,15.15049
23,7,2.8,1.2,46,16.840843,15.603021
23,8,2.8,1.3,45,17.1177,15.434385
23,9,2.8,1.4,44,16.512941,14.94131
23,10,2.8,1.5,43,15.90972,14.481737
23,11,2.8,1.6,42,15.904828,14.476007
23,12,2.8,1.7,41,16.516937,14.742119
23,13,2.8,1.8,40,16.797123,14.832741
23,14,2.8,1.9,39,16.552689,14.689352
23,15,2.8,2.0,38,15.813122,14.086728
23,16,2.8,2.1,37,15.835364,14.086884
23,17,2.8,2.2,36,16.454306,14.50102
23,18,2.8,2.3,35,16.625147,14.782197
23,19,2.8,2.4,34,16.795029,14.637014
23,20,2.8,2.5,33,15.973307,14.163105
23,21,2.8,2.6,34,16.015608,14.254009
23,22,2.8,2.7,35,16.291641,14.490866
23,23,2.8,2.8,36,16.469011,14.616446
23,24,2.8,2.9,37,16.521173,14.554901
23,25,2.8,3.0,38,15.625075,13.843919
23,26,2.8,3.1,39,15.6851425,13.942885
24,0,2.9,0.5,54,16.383007,15.579508
24,1,2.9,0.6,53,16.567768,15.790327
24,2,2.9,0.7,52,17.28771,16.134052
24,3,2.9,0.8,51,17.114521,15.946097
24,4,2.9,0.9,50,16.494867,15.204123
24,5,2.9,1.0,49,16.124008,15.056817
24,6,2.9,1.1,48,16.408577,15.323107
24,7,2.9,1.2,47,17.134846,15.689576
24,8,2.9,1.3,46,16.919983,15.373628
24,9,2.9,1.4,45,16.627422,15.171669
24,10,2.9,1.5,44,15.953557,14.607658
24,11,2.9,1.6,43,16.009506,14.724042
24,12,2.9,1.7,42,16.621649,14.938105
24,13,2.9,1.8,41,16.98855,15.065014
24,14,2.9,1.9,40,16.580408,14.78878
24,15,2.9,2.0,39,15.83314,14.1981735
24,16,2.9,2.1,38,16.032375,14.363957
24,17,2.9,2.2,37,16.52981,14.695922
24,18,2.9,2.3,36,16.749544,14.751389
24,19,2.9,2.4,35,16.485445,14.567744
24,20,2.9,2.5,34,15.931726,14.219153
24,21,2.9,2.6,35,16.03776,14.345514
24,22,2.9,2.7,36,16.251047,14.57275
24,23,2.9,2.8,37,16.353378,14.601941
24,24,2.9,2.9,38,16.014696,14.362776
24,25,2.9,3.0,39,15.31673,13.711013
24,26,2.9,3.1,40,15.614766,14.017113
25,0,3.0,0.5,55,16.15433,15.469283
25,1,3.0,0.6,54,15.941695,15.251475
25,2,3.0,0.7,53,16.745876,15.829284
25,3,3.0,0.8,52,16.476202,15.360464
25,4,3.0,0.9,51,16.393263,15.023232
25,5,3.0,1.0,50,15.704538,14.671164
25,6,3.0,1.1,49,15.663492,14.623467
25,7,3.0,1.2,48,16.432375,15.127885
25,8,3.0,1.3,47,16.391586,15.011993
25,9,3.0,1.4,46,16.726067,15.455669
25,10,3.0,1.5,45,16.332323,15.099161
25,11,3.0,1.6,44,15.938112,14.819443
25,12,3.0,1.7,43,16.593277,15.135715
25,13,3.0,1.8,42,16.179659,14.811574
25,14,3.0,1.9,41,16.373215,14.839427
25,15,3.0,2.0,40,15.583839,14.200544
25,16,3.0,2.1,39,15.540514,14.065812
25,17,3.0,2.2,38,16.202284,14.417004
25,18,3.0,2.3,37,15.753224,14.1238365
25,19,3.0,2.4,36,16.040646,14.381531
25,20,3.0,2.5,35,15.491036,14.018198
25,21,3.0,2.6,36,15.344125,13.837757
25,22,3.0,2.7,37,15.70216,14.179294
25,23,3.0,2.8,38,15.531168,14.103126
25,24,3.0,2.9,39,15.811301,14.366854
25,25,3.0,3.0,40,15.1858835,13.961681
25,26,3.0,3.1,41,14.985283,13.687933
26,0,3.1,0.5,56,16.393436,15.6117115
26,1,3.1,0.6,55,16.764168,15.962514
26,2,3.1,0.7,54,16.90032,15.9388685
26,3,3.1,0.8,53,16.767374,15.680279
26,4,3.1,0.9,52,16.76404,15.363134
26,5,3.1,1.0,51,16.090918,15.011228
26,6,3.1,1.1,50,16.220243,14.952944
26,7,3.1,1.2,49,16.652584,15.245337
26,8,3.1,1.3,48,16.680218,15.294358
26,9,3.1,1.4,47,17.057682,15.613607
26,10,3.1,1.5,46,16.526352,15.294628
26,11,3.1,1.6,45,16.441492,15.1389265
26,12,3.1,1.7,44,16.532738,15.051775
26,13,3.1,1.8,43,16.425182,14.978481
26,14,3.1,1.9,42,16.618546,14.926745
26,15,3.1,2.0,41,15.742198,14.279278
26,16,3.1,2.1,40,16.06048,14.2715645
26,17,3.1,2.2,39,16.090805,14.309778
26,18,3.1,2.3,38,16.105755,14.365778
26,19,3.1,2.4,37,16.191162,14.444005
26,20,3.1,2.5,36,15.914279,14.292426
26,21,3.1,2.6,37,15.84339,14.154791
26,22,3.1,2.7,38,15.901331,14.229317
26,23,3.1,2.8,39,15.81427,14.33116
26,24,3.1,2.9,40,15.979696,14.483075
26,25,3.1,3.0,41,15.567161,14.350466
26,26,3.1,3.1,42,15.210677,13.914383
