representation,feature_dim,position_xy_r2,position_xy_rmse,goal_delta_xy_r2,goal_delta_xy_rmse,velocity_xy_r2,velocity_xy_rmse,acceleration_xy_r2,acceleration_xy_rmse,goal_range_r2,goal_range_mae,speed_r2,speed_mae,acceleration_magnitude_r2,acceleration_magnitude_mae,goal_bearing_cosine,goal_bearing_angular_mae_deg,heading_cosine,heading_angular_mae_deg,acceleration_direction_cosine,acceleration_direction_angular_mae_deg,heading_harmonic_effective_rank,heading_harmonic_dimensions_90pct,speed_vs_heading_overlap,speed_vs_heading_min_angle_deg,heading_vs_acceleration_xy_overlap,heading_vs_acceleration_xy_min_angle_deg,heading_vs_position_xy_overlap,heading_vs_position_xy_min_angle_deg,heading_vs_goal_delta_xy_overlap,heading_vs_goal_delta_xy_min_angle_deg,velocity_xy_vs_acceleration_xy_overlap,velocity_xy_vs_acceleration_xy_min_angle_deg,position_xy_vs_velocity_xy_overlap,position_xy_vs_velocity_xy_min_angle_deg,goal_delta_xy_vs_action_overlap,goal_delta_xy_vs_action_min_angle_deg,speed_vs_action_overlap,speed_vs_action_min_angle_deg,heading_vs_action_overlap,heading_vs_action_min_angle_deg,condition,selected_layer
dino/0/pooled_patches,384,0.9777996892733462,0.14553200477811995,0.9777996892733457,0.14553200477812137,-0.22477040169519347,1.9418374825264095,-0.009823432284726152,0.38436308792298896,0.9724665864672607,0.10757133140710179,-0.06657129244874183,0.9838034710792187,-0.13158725629582224,0.2227925508530675,0.9943529669137281,4.833539644444707,-0.0003954910954183361,90.32594005494386,0.2238370630902572,74.08546137500137,29.452092136458734,26,0.009855615477008505,84.30255064868261,0.2338780011676726,57.07202880680189,0.0035694060462525324,85.1728220337921,0.0035694060462529206,85.17282203379179,0.2172791430877664,61.599777224486125,0.001155865382224894,87.3081658423927,0.011863797278934461,81.61042724839987,0.0036719998030643754,86.5259176897866,0.005012510740832449,84.95937998219794,r0,False
dino/1/pooled_patches,384,0.9855241717272428,0.11751700014037426,0.9855241717272425,0.11751700014037575,-0.1883540667684087,1.9127511290295927,-0.03243881507680002,0.38864323605469553,0.9820817413344854,0.08726216916664341,-0.12207019206742187,1.0118470495164105,-0.209065701718971,0.2302178066160777,0.9954183299676912,4.358732998397394,0.016839508835940094,88.40402276508675,0.2557439148721693,71.27733274175101,29.482870479560777,26,0.0004668706341595828,88.76190288844298,0.19325386085133303,58.98819208504355,0.005154125705802527,84.34494421054949,0.005154125705801428,84.34494421054978,0.19376710585966156,59.40822280488324,0.0049465999699361725,84.34910633236731,0.0034607597067410653,85.28075116107894,0.0011490304157810067,88.05745271292582,0.015869000845797922,80.31992631191379,r0,False
dino/10/pooled_patches,384,0.9937005316535075,0.077523064922975,0.9937005316535077,0.07752306492297345,-0.10880110701359302,1.8476187633470904,0.07566962636971508,0.36773296540226025,0.9928592831931662,0.054754525508179906,-0.016484368835242513,0.9859730207280147,-0.10747630911358019,0.22170696446254715,0.9977986045417052,2.9395074441481954,0.000952432510821781,89.59982009552299,0.2925098070943741,68.4103438705351,29.513668739196586,26,0.0014208406417203939,87.83977884156087,0.21507702418046026,59.420762003280544,0.0072374231761666765,83.46769328891888,0.007237423176166933,83.46769328891865,0.20770792831698137,62.099600101097224,0.006921155495555789,83.64120800964383,0.0010213849861401985,87.48336603646712,0.013765135996780324,83.26225909100648,0.009581110825864093,82.07787027176576,r0,False
dino/11/pooled_patches,384,0.991911497768136,0.08784418953150291,0.991911497768136,0.08784418953150333,-0.11460011468076559,1.8524439672789619,0.045959441924195654,0.3735961316033362,0.9911644467023187,0.061084055495904566,-0.0015327774243043546,0.9743941116911111,-0.046525630886542935,0.2138297869655743,0.9976538729786988,3.101374799437706,0.02139718789480558,88.4674440051481,0.2694566014985072,70.60981484065051,29.499456751991698,26,0.0028025011216836295,86.96542000469917,0.23602625148776674,56.76312683591936,0.002147771714809041,86.35317633046826,0.00214777171480857,86.35317633046887,0.26149633072113293,57.774759621304675,0.0029138187697866523,86.66519039883026,0.0007958298131867784,87.74554381427754,0.008365731542581103,84.75214300121853,0.0056016279902382955,84.37136654343475,r0,False
dino/2/pooled_patches,384,0.9898728423617579,0.0982930407856627,0.9898728423617579,0.09829304078566281,-0.18546637833824953,1.9104257324949565,-0.007720812639225194,0.38396272560320743,0.9874083315814481,0.07304066128683248,-0.07813684862533465,0.9911624553775109,-0.2116351290804499,0.23344474975007812,0.9969251834982825,3.5403278217355605,0.025301733032302584,87.78474531456801,0.22620021069955104,73.4329582809779,29.62002201683414,26,0.0035276747268324768,86.59495722660832,0.2486174990831677,58.30024395183188,0.0026936747028894923,86.57827704052451,0.002693674702889103,86.57827704052409,0.2918107675418017,53.294282150797045,0.001405700542084748,86.96372542262323,0.0026220507460150665,85.85882417999257,0.0013820012673238444,87.8695225765192,0.003843333060735292,86.00359456945385,r0,False
dino/3/pooled_patches,384,0.9945094234592232,0.07237489731251831,0.9945094234592236,0.07237489731251608,-0.18849111000117347,1.9128614168842997,-0.006478430603733321,0.38372596582559415,0.9930896494641334,0.053030135672230784,-0.03705897868340968,0.9882256946872467,-0.15827151055205535,0.2339221193483743,0.9983281545280546,2.5639960759377742,0.0022951704185792793,89.75650598662506,0.2540855555982723,71.64406343011301,29.34651120803348,26,0.006750044827437988,85.28734378723863,0.26893491864417224,56.232385223312654,0.0027289908331629364,85.94976600074625,0.002728990833163488,85.94976600074497,0.2939897689733062,54.272501126859815,0.003202683790782455,85.72205949860447,0.009225038650043205,83.10626794462658,0.0034909556244907933,86.61274568719594,0.015674565518506288,79.80176742465994,r0,False
dino/4/pooled_patches,384,0.9957140454130269,0.06394443700349883,0.995714045413027,0.06394443700349768,-0.1995156219129992,1.9217128439557816,-0.00724790865644942,0.38387262187229093,0.994691932572079,0.047277008510260614,-0.043241872753519095,0.979698872799764,-0.11587262031196399,0.2227046239865744,0.9985817842990827,2.407038200412772,-0.006446302489121988,90.94079836198853,0.21522154586430775,74.18672566367866,29.3133354156048,26,0.004428087173706044,86.1844974271408,0.2117249028439676,59.69640026219463,0.004130402890880781,84.7853698929152,0.004130402890879403,84.7853698929161,0.23836753154561996,58.665296521497474,0.008896048550148243,83.14894680426802,0.001915483812348617,86.56801547867427,0.005361496318863612,85.80091678128962,0.00522593343877379,85.62205765642408,r0,False
dino/5/pooled_patches,384,0.994715230188695,0.07100550543926303,0.994715230188695,0.07100550543926328,-0.14738128591750077,1.8794874048277084,0.018067077606369164,0.379018023453563,0.9919953283962123,0.05844177830895016,-0.025801173981956138,0.9778456306329097,-0.1176005341411388,0.224287916847362,0.9987817615839313,2.2023674839296397,0.0330933305916982,87.43476285956125,0.26936993046272956,70.57887573296038,29.407994344616828,26,0.009627372653663422,84.36912548300361,0.19828736629858162,61.63806793876771,0.001455560513878773,87.02605470165675,0.0014555605138775478,87.02605470165787,0.2032694761188915,60.46298976410614,0.001414959429855246,86.95661417514839,0.00349472307897867,85.91650616755526,0.0006044565379447296,88.59120132719887,0.005218061104910638,84.13983027389993,r0,False
dino/6/cls,384,0.9904782890597513,0.0953095638129679,0.9904782890597513,0.09530956381296758,-0.13407718733308993,1.8685591312869507,0.06359553372075322,0.3701269342744381,0.9870424933482916,0.0736714433872429,0.007655198090386728,0.9632360898072512,-0.09777182189674782,0.21841217762048484,0.9969675506742363,3.492544294033174,0.024495342652498888,87.65343395971956,0.28352941032653484,69.54306464287012,29.277546496148492,26,0.008867739401687082,84.59652608780605,0.19218582007862528,61.4462204295136,0.009465360406911183,82.0916829502166,0.00946536040691304,82.09168295021581,0.20215026769330133,61.80009855521516,0.006536284824533207,83.4368100951636,0.0011268382870444035,87.40540945824829,0.0074662314805420725,85.04304168101645,0.010328630117613995,81.8353535632862,r0,True
dino/6/individual_patches,384,0.9951515649687575,0.06801109633426629,0.9951515649687573,0.06801109633426768,-0.1729745850989184,1.9003335674014332,0.0321144854063341,0.3762971654603985,0.9931109069753329,0.05448789078565972,-0.0414324983193064,0.9890909374436289,-0.13866743861492137,0.22583693749053246,0.998791037158691,2.233726035978944,0.019214801970385626,88.1327406863775,0.27411290587690434,70.14807982958284,29.79406005940728,27,0.014556599564520274,83.07034024881483,0.21274386372019688,59.189062267116725,0.002142757710418433,86.45324457743146,0.002142757710420241,86.45324457742979,0.21906379724690636,58.015298827246674,0.002977614623367251,85.9142518131405,0.0030546997895730733,85.6109161454219,0.002182610397542986,87.32225725396842,0.004283764448368105,84.69255314293797,r0,True
dino/6/pooled_patches,384,0.9951515629760184,0.06801111031077182,0.9951515629760181,0.06801111031077335,-0.1729722714693791,1.9003316932474232,0.03211689956776698,0.3762966961679786,0.9931108837584012,0.0544879245716862,-0.04143336167553091,0.9890901883843548,-0.13866592157855373,0.2258365468988741,0.9987910436149534,2.2337249068204788,0.019213597043159256,88.13282749571404,0.27411178138461756,70.147972750127,29.794071807335232,27,0.014556446941248908,83.07037675518944,0.21274146731984925,59.18919914210977,0.002142733528330083,86.45337405331803,0.002142733528327571,86.45337405332084,0.2190597422321014,58.01563140753635,0.002977464007341873,85.9143444941121,0.0030543691780323765,85.61104671852922,0.002183480654041295,87.32172307955972,0.004281572431370859,84.69384563369773,r0,True
dino/6/projected_aggregate,128,0.9584924782062182,0.19899510237160178,0.9584924782062182,0.19899510237160195,-0.029553894925961277,1.780369237297411,0.19033687446402825,0.3441685103748321,0.9429702921285283,0.15689517601601963,0.07807750114805201,0.927176723206321,0.03942159233881193,0.20710117226551872,0.9938080592825634,5.000826771630833,0.08496626227696591,83.69535574089457,0.38332477390844205,61.648619727654975,20.779600807327,19,0.007901033385896141,84.90037618257354,0.34111601674650305,44.10292614214801,0.10267491763147761,64.10638956266216,0.10267491763147286,64.10638956266331,0.15936921392304418,60.14723832479621,0.058326555618141256,71.39120665362725,0.06760374583491839,68.60548591679499,0.01475767381414922,83.02240738622847,0.07393979972801863,70.12798009451592,r0,True
dino/6/projected_patches,8,0.77193153720377,0.4664569874920125,0.7719315372037714,0.46645698749201103,-0.022360222652507922,1.7741384594557195,0.11126797334778882,0.3605822689745287,0.7476678831849644,0.3324127484130634,0.03123435474039582,0.963169212735827,-4.1005541918437416e-05,0.2122824376855407,0.9541460455449237,13.818787180098349,0.06317415320776987,85.94953053814447,0.2714449272528875,69.64251357467172,3.114062804510174,3,0.6542903302537448,36.01314234559955,0.5036081080787359,19.01238103118157,0.39206651699436323,45.54406212804728,0.39206651699436373,45.544062128047315,0.5928512026658551,19.97909635342642,0.3907095075743626,40.108812765119886,0.49747325311130275,21.626274271611358,0.23334454149778955,61.11471716036778,0.5657644216997704,25.31169360360962,r0,True
dino/7/pooled_patches,384,0.9940123939852118,0.07557977478507384,0.9940123939852118,0.07557977478507398,-0.12269492117610281,1.8591585046207335,0.06434833771455983,0.36997812621804554,0.9925912329653152,0.054935240315453875,-0.050670421855989245,0.9968598323079423,-0.04888797838278203,0.21352640095966194,0.998281513001623,2.7030987714984427,0.010359436452467737,89.5130184609559,0.2922145671743032,68.82550227412902,29.15955905331006,26,0.006738565258800889,85.2913618721533,0.20093974064562195,61.559749730626045,0.007500620337256727,83.04615098340888,0.007500620337256128,83.04615098340886,0.22583056609618402,60.23533671606052,0.009261466354475587,82.33366591485257,0.004345520084665435,84.9666253002038,0.010184268279457554,84.20801433630338,0.002368741868867356,86.06306053158664,r0,False
dino/8/pooled_patches,384,0.9937043832144578,0.07749936209230628,0.9937043832144576,0.07749936209230704,-0.14203528163582257,1.875103736088389,0.06621939043129232,0.3696080125152064,0.9927899573221397,0.05587318039040476,-0.002144306784058303,0.9791983054648961,-0.012187814657667051,0.20967327513353679,0.9981966836561452,2.782348859841624,-0.01505540084961538,90.51435317896663,0.30468754364380723,67.45686819681052,29.08866546060364,26,0.007070439268320763,85.17653715006021,0.2047888285974026,59.83115267831829,0.003718330914622018,85.10367398437316,0.0037183309146244276,85.10367398437162,0.2307961002611593,60.33628225723262,0.007704276472180356,83.57072228295505,0.0014552256479652167,86.98304049068223,0.0057909539238672125,85.63566837421692,0.0026628326904633605,86.13392139864602,r0,False
dino/9/pooled_patches,384,0.9937930220902953,0.07695185357521975,0.9937930220902953,0.07695185357521997,-0.12485731046271087,1.8609480782662748,0.07408646324990997,0.3680477512263089,0.9925239012641205,0.05501255749269808,-0.034311250565719265,0.998864727714618,-0.017064021229632242,0.21239518031512344,0.99792701270764,2.8845813846568236,-0.013784467706888272,90.98801175486376,0.2857946785715627,68.71811667977431,29.519337466011557,26,0.0036917288449313454,86.51658587497624,0.20734409853689817,59.87893454444787,0.0071513120743031695,83.35453398863801,0.007151312074297734,83.35453398863999,0.20790680382489238,62.06523024938569,0.007352136209667187,83.18185034920042,0.0004616936278533767,88.28473709202862,0.0071441808042899966,85.1513892061414,0.002569510599487454,86.116147452874,r0,False
predictor/0/pooled_visual,8,0.6676730491035245,0.5622354366417185,0.6676730491035232,0.5622354366417196,0.06566191569207658,1.715052677043889,0.10791591459404581,0.3780232934093908,0.5888359475549396,0.4443761967638752,0.10317088427959631,0.973995782344522,0.010260529407009389,0.22087881371153278,0.910252833715279,17.993972060055548,0.24586716810612252,71.74423900599602,0.2670784648334858,71.09216512645418,3.354500256346122,4,0.32110674155836455,55.48216026299493,0.4069455931970689,35.23720932626509,0.26127861448404843,46.596228852568615,0.2612786144840484,46.596228852568615,0.42208482253274465,35.44366828166648,0.3424348182419968,39.24711936177794,0.26100095593724826,49.434735092965454,0.18835661049280103,64.27827588733489,0.5598215960043501,12.362305275546165,r0,False
predictor/1/individual_visual_tokens,8,0.7082661275839321,0.5267794952599737,0.708266127583933,0.5267794952599728,0.107546696302112,1.676170484066455,0.11073365627841025,0.3774258080072488,0.5930460988908215,0.43309383629996206,0.053062585058204825,0.9951957174957331,0.02155053955058528,0.21982178717404252,0.9108494124393581,17.057407753515186,0.27808736704066583,69.64001608142355,0.28245893199650685,69.58513909824207,3.607690603690539,4,0.13561271546342682,68.3918799987371,0.23306176076622656,47.60374921117343,0.17438240199789187,54.60636172058214,0.1743824019978925,54.606361720582065,0.16923413660857237,57.129958202526566,0.1474625195081069,64.25394440674535,0.09600367075986947,68.00584947022448,0.27532718308038917,58.350854122566,0.4374305508669015,27.951867479705676,r0,True
predictor/1/pooled_visual,8,0.7082658891924949,0.5267797104898582,0.7082658891924957,0.5267797104898575,0.10754681860974691,1.6761703692097707,0.11073365790977496,0.37742580766105377,0.5930458515245225,0.433094253926252,0.05306238272641117,0.9951958650629538,0.021550649100586794,0.21982177257535937,0.9108492601593985,17.057436305177976,0.2780875611064842,69.63997544000958,0.2824614793002382,69.58496506333856,3.607694276123513,4,0.1356096086180801,68.39213996080225,0.23305822537055323,47.604088456386314,0.17438118576796488,54.60655392650023,0.17438118576796494,54.606553926500226,0.1692319481153547,57.13027271945651,0.14746068146511837,64.25409459260261,0.0960054101421621,68.00592167911863,0.27534069640170206,58.3499874482932,0.4374285422429432,27.95189780502837,r0,True
predictor/2/pooled_visual,8,0.6248719041919852,0.5973449956937767,0.624871904191985,0.597344995693777,0.11350036727801027,1.6705701536740152,0.09605534065115418,0.3805279725510038,0.473493290652106,0.48833788870588796,0.024725923175525577,1.0056664027584739,0.0091203417657717,0.22281366235364974,0.9038386804199071,18.083064472878096,0.2908156414358189,69.50780733967754,0.3072709204850168,67.77038814257283,3.7931991096271935,4,0.11527646129981332,70.1521314100555,0.4077242201290488,27.875150297029577,0.2829591203844318,41.29453720032141,0.282959120384432,41.29453720032139,0.3344089775067207,35.6260811145289,0.28492257655405984,40.985211868944745,0.4424346385135936,19.914331128661583,0.4656734962228487,46.96831204804331,0.44137931127977414,41.78246763689403,r0,False
predictor/3/pooled_visual,8,0.49139363698251814,0.6955467537774991,0.49139363698251737,0.6955467537774997,0.1920721925166906,1.5948201569536387,0.015434056325037138,0.3971349145991478,0.3385754861467005,0.5623149051500272,0.058710316731963474,0.9746097849719451,0.015240577991604942,0.22159478583377976,0.8754528356880814,22.196609634609473,0.34645137804449616,64.93739766345473,0.13751055553042926,80.29549129770398,3.7300362941982677,4,0.6803585798022804,34.42787711145508,0.4501259600830145,19.483006524437712,0.38511392611852513,37.67115976107245,0.3851139261185246,37.67115976107245,0.3694993560239301,34.14146007362734,0.38954810762926695,38.618947600383166,0.24191912322035758,45.93053308579725,0.02405232707846872,81.07809264684671,0.42175054023178693,26.65421151949145,r0,False
predictor/4/pooled_visual,8,0.4428038925726725,0.7280135629505503,0.4428038925726715,0.7280135629505511,0.2200222222602467,1.5669911827779321,0.04275345267002528,0.39158637272973806,0.29199314559368106,0.5727010660224068,0.03327131160612218,0.9857597877702531,-0.0038726758660108107,0.223288146524875,0.865064036341018,23.78331713103196,0.39112196484018613,61.91301859331827,0.2193020800154241,74.53366979625127,3.3964105890602263,4,0.574518663092811,40.71442883305559,0.6274905059163447,21.941242118824917,0.4160912353687261,45.27451899133401,0.41609123536872794,45.27451899133406,0.4979298539734528,20.812165821784937,0.3337534693104336,49.14045932799129,0.31140700961143225,43.825535850834264,0.4395908342557823,48.469666577225226,0.4560991964497,26.675160493873108,r0,False
predictor/5/pooled_visual,8,0.591669482328157,0.623219958501169,0.5916694823281552,0.6232199585011705,0.13198220775167446,1.6530643183541143,0.05021140978137273,0.3900579551227714,0.5083576366122998,0.46757668716175266,0.037540208942475894,0.9819616799880462,0.002829694452534559,0.22125474917566035,0.8883858537245366,20.53446048879653,0.3302004286392509,66.16912978744365,0.22922105265356896,73.63191383677618,3.595253816990641,4,0.7869663847476139,27.48753619896934,0.7999515591736358,9.552090012595878,0.3450269250669775,41.94583509370264,0.3450269250669756,41.94583509370273,0.7319523878878453,9.313988560591053,0.2924652094182379,43.66032971072521,0.18807838478819788,59.28718149272213,0.6739882680690938,34.81819956533639,0.7091830090370581,28.480628375592325,r0,False
dino/6/cls,384,0.9904782890597513,0.0953095638129679,0.9904782890597513,0.09530956381296758,-0.13407718733308993,1.8685591312869507,0.06359553372075322,0.3701269342744381,0.9870424933482916,0.0736714433872429,0.007655198090386728,0.9632360898072512,-0.09777182189674782,0.21841217762048484,0.9969675506742363,3.492544294033174,0.024495342652498888,87.65343395971956,0.28352941032653484,69.54306464287012,29.277546496148492,26,0.008867739401687082,84.59652608780605,0.19218582007862528,61.4462204295136,0.009465360406911183,82.0916829502166,0.00946536040691304,82.09168295021581,0.20215026769330133,61.80009855521516,0.006536284824533207,83.4368100951636,0.0011268382870444035,87.40540945824829,0.0074662314805420725,85.04304168101645,0.010328630117613995,81.8353535632862,r2,True
dino/6/individual_patches,384,0.9951515649687575,0.06801109633426629,0.9951515649687573,0.06801109633426768,-0.1729745850989184,1.9003335674014332,0.0321144854063341,0.3762971654603985,0.9931109069753329,0.05448789078565972,-0.0414324983193064,0.9890909374436289,-0.13866743861492137,0.22583693749053246,0.998791037158691,2.233726035978944,0.019214801970385626,88.1327406863775,0.27411290587690434,70.14807982958284,29.79406005940728,27,0.014556599564520274,83.07034024881483,0.21274386372019688,59.189062267116725,0.002142757710418433,86.45324457743146,0.002142757710420241,86.45324457742979,0.21906379724690636,58.015298827246674,0.002977614623367251,85.9142518131405,0.0030546997895730733,85.6109161454219,0.002182610397542986,87.32225725396842,0.004283764448368105,84.69255314293797,r2,True
dino/6/pooled_patches,384,0.9951515629760184,0.06801111031077182,0.9951515629760181,0.06801111031077335,-0.1729722714693791,1.9003316932474232,0.03211689956776698,0.3762966961679786,0.9931108837584012,0.0544879245716862,-0.04143336167553091,0.9890901883843548,-0.13866592157855373,0.2258365468988741,0.9987910436149534,2.2337249068204788,0.019213597043159256,88.13282749571404,0.27411178138461756,70.147972750127,29.794071807335232,27,0.014556446941248908,83.07037675518944,0.21274146731984925,59.18919914210977,0.002142733528330083,86.45337405331803,0.002142733528327571,86.45337405332084,0.2190597422321014,58.01563140753635,0.002977464007341873,85.9143444941121,0.0030543691780323765,85.61104671852922,0.002183480654041295,87.32172307955972,0.004281572431370859,84.69384563369773,r2,True
dino/6/projected_aggregate,128,0.9826735627904906,0.12856821667254054,0.9826735627904903,0.12856821667254134,-0.06596610580585427,1.8115788283273762,0.1634037112887644,0.34984600474409444,0.980196728169751,0.0908490427075388,0.060186062532228135,0.938868736411109,0.027493141315945158,0.20759778389637482,0.9965311981075888,3.8052581164826758,0.03505681364212859,87.31956061579015,0.31882669641293737,67.4570977637619,25.377000097774985,23,0.02031682163944386,81.80531665540799,0.2550087767516297,57.406019936714564,0.0230395110231816,78.12862661523722,0.0230395110231731,78.12862661523934,0.18907984090415897,62.14587820332422,0.00940994201046011,82.12867079236916,0.005181488685763875,84.18351314157998,0.007522077961020389,85.02449093706741,0.015337437739345003,80.20230620025681,r2,True
dino/6/projected_patches,8,0.6578677280182006,0.5713154991796696,0.6578677280182016,0.5713154991796687,-0.007229442944363118,1.7609610286346498,0.12013347047840595,0.35877927706237306,0.5887526958047724,0.4182076158558827,0.016770907530144874,0.9758086576451758,0.011300394330431951,0.2090416490211098,0.9303210379418495,14.301446420093372,0.052227412475391255,85.77034140117848,0.31184344063635727,67.77528556007438,4.72497146432551,4,0.07851778112698155,73.72724684606234,0.727481872053668,12.983645829270921,0.5392158732417738,29.676661249498526,0.5392158732417736,29.676661249498537,0.4218395354680182,25.403560378781336,0.3508221750414174,33.61153494502254,0.42145164399507007,23.562061066495843,0.577453408110132,40.54430402939068,0.10991195270402486,63.087859616654974,r2,True
predictor/1/individual_visual_tokens,8,0.6324137966184902,0.5913097427789569,0.6324137966184906,0.5913097427789565,0.2498507133995802,1.5367360815608748,0.06133977030892401,0.38776613182251757,0.601454870938319,0.4096170297826612,0.10700897036354862,0.9537769555379638,0.027935850565347753,0.2192026129672708,0.9155062669689048,17.72617253161526,0.4796449174710087,54.13004898280285,0.21515113802116237,73.96226177979167,2.8467712797901927,3,0.31996104994018787,55.55249010646241,0.6308584588548853,27.17240252475893,0.3092803136031709,46.83934008140977,0.3092803136031709,46.83934008140977,0.5033347897684568,29.441441947577694,0.3456424747800507,48.47511409995302,0.3144385467469675,39.59315848558544,0.1778444441268628,65.05702231322202,0.4702374543746324,31.395971943957882,r2,True
predictor/1/pooled_visual,8,0.6324133103417645,0.5913101338981934,0.6324133103417651,0.5913101338981931,0.24985032172541088,1.536736482747519,0.06133960737265065,0.3877661654774886,0.601454909723935,0.409616875542088,0.10700871439322057,0.9537772103344625,0.02793599352457743,0.2192025823004076,0.915506039194207,17.726205666461457,0.4796446467633209,54.13006315395026,0.21515045137084027,73.96232013938382,2.846762996163632,3,0.3199582761170003,55.552660462079785,0.6308612715788355,27.172570789571576,0.3092788604710711,46.83935097833467,0.30927886047107134,46.83935097833466,0.5033361750531625,29.441644031193533,0.34564147818178104,48.4749443110914,0.31443624084150107,39.593318872162136,0.17784010719008161,65.05734723637146,0.4702352232144851,31.396216125435053,r2,True
dino/6/cls,384,0.9904782890597513,0.0953095638129679,0.9904782890597513,0.09530956381296758,-0.13407718733308993,1.8685591312869507,0.06359553372075322,0.3701269342744381,0.9870424933482916,0.0736714433872429,0.007655198090386728,0.9632360898072512,-0.09777182189674782,0.21841217762048484,0.9969675506742363,3.492544294033174,0.024495342652498888,87.65343395971956,0.28352941032653484,69.54306464287012,29.277546496148492,26,0.008867739401687082,84.59652608780605,0.19218582007862528,61.4462204295136,0.009465360406911183,82.0916829502166,0.00946536040691304,82.09168295021581,0.20215026769330133,61.80009855521516,0.006536284824533207,83.4368100951636,0.0011268382870444035,87.40540945824829,0.0074662314805420725,85.04304168101645,0.010328630117613995,81.8353535632862,calibrated_speed,True
dino/6/individual_patches,384,0.9951515649687575,0.06801109633426629,0.9951515649687573,0.06801109633426768,-0.1729745850989184,1.9003335674014332,0.0321144854063341,0.3762971654603985,0.9931109069753329,0.05448789078565972,-0.0414324983193064,0.9890909374436289,-0.13866743861492137,0.22583693749053246,0.998791037158691,2.233726035978944,0.019214801970385626,88.1327406863775,0.27411290587690434,70.14807982958284,29.79406005940728,27,0.014556599564520274,83.07034024881483,0.21274386372019688,59.189062267116725,0.002142757710418433,86.45324457743146,0.002142757710420241,86.45324457742979,0.21906379724690636,58.015298827246674,0.002977614623367251,85.9142518131405,0.0030546997895730733,85.6109161454219,0.002182610397542986,87.32225725396842,0.004283764448368105,84.69255314293797,calibrated_speed,True
dino/6/pooled_patches,384,0.9951515629760184,0.06801111031077182,0.9951515629760181,0.06801111031077335,-0.1729722714693791,1.9003316932474232,0.03211689956776698,0.3762966961679786,0.9931108837584012,0.0544879245716862,-0.04143336167553091,0.9890901883843548,-0.13866592157855373,0.2258365468988741,0.9987910436149534,2.2337249068204788,0.019213597043159256,88.13282749571404,0.27411178138461756,70.147972750127,29.794071807335232,27,0.014556446941248908,83.07037675518944,0.21274146731984925,59.18919914210977,0.002142733528330083,86.45337405331803,0.002142733528327571,86.45337405332084,0.2190597422321014,58.01563140753635,0.002977464007341873,85.9143444941121,0.0030543691780323765,85.61104671852922,0.002183480654041295,87.32172307955972,0.004281572431370859,84.69384563369773,calibrated_speed,True
dino/6/projected_aggregate,128,0.954223296555869,0.20897832436993746,0.9542232965558692,0.2089783243699368,-0.025641872775638008,1.7769835609138103,0.17455597983918303,0.3475063658046732,0.9401486230139093,0.15768752201921726,0.06927253994473359,0.943630511176527,0.044807585758018464,0.20546595033369552,0.9928588357703318,5.333298191826032,0.081232021436946,83.63720809997298,0.3644632228122141,63.77894669325376,20.869804891754956,20,0.037272528639184614,78.86852836922843,0.334786515560189,49.293388460683026,0.10157275617487965,64.8617945846505,0.10157275617488065,64.86179458465054,0.1626404724449412,62.30931151269183,0.028914094019421528,76.86665005284215,0.022015156791647898,77.94108860548354,0.009665882425370495,84.35783842003227,0.0647823244051214,70.15543126068222,calibrated_speed,True
dino/6/projected_patches,8,0.8598149408836914,0.365704117411115,0.8598149408836928,0.3657041174111133,-0.01959522809203329,1.771737737909988,0.11942029137127208,0.35892465255229644,0.7980046223185175,0.2988720492742583,0.035449394624061936,0.9600801011643709,0.03392965115814017,0.2072482915250589,0.9706480549377373,10.675643024075777,0.05740895967834972,86.52505485422084,0.26245555118308395,71.48356567493093,4.0059776699871,4,0.42086160166983,49.55344473580379,0.3880831077638066,29.67635576675292,0.3267490048965707,38.3266356268451,0.3267490048965702,38.32663562684521,0.28578598216512907,46.425202990602195,0.21272803101223978,49.86331924463788,0.29400608805396355,44.31080330263205,0.6515318675745406,36.17914428276619,0.4666528387650659,20.11739771101325,calibrated_speed,True
predictor/1/individual_visual_tokens,8,0.6198750007316544,0.6013103090618792,0.619875000731652,0.6013103090618811,0.1761145583025855,1.6104930406271052,0.09146635888710264,0.38149264736446364,0.5843653502403248,0.45289736270250897,0.062379185077781174,0.9862877665953561,-0.004705280477945273,0.22242950142928808,0.8849221163337019,20.094339135689943,0.3345771487007221,64.88872649980439,0.2727854258469019,70.70452773505104,4.408783412046203,4,0.3511885432337844,53.65744280090529,0.656735620350068,15.437415180694071,0.32618452906744844,47.69119970794209,0.3261845290674496,47.69119970794195,0.6363729138561289,22.78621536442752,0.3608151892952092,37.33235298497496,0.06986326305546214,68.06254667883083,0.2454457957288217,60.302229757851805,0.41746542868925,24.9406495956991,calibrated_speed,True
predictor/1/pooled_visual,8,0.6198751278142135,0.6013102085474965,0.6198751278142112,0.6013102085474984,0.17611501915898686,1.6104925901966853,0.09146643863446524,0.3814926306215321,0.5843656654536731,0.4528971708567161,0.06237927787301423,0.9862876719312962,-0.004705235126135632,0.222429495761248,0.884922192743413,20.09433361639704,0.3345774914652242,64.8887087201923,0.2727859878590268,70.70446370213281,4.408781569532993,4,0.3511915802612402,53.65726053245572,0.6567359786168592,15.437474367267725,0.326186542790861,47.69135877744245,0.32618654279086085,47.69135877744245,0.6363727941879811,22.786248926194318,0.3608177650745068,37.33235294064812,0.06986383287725559,68.06247302523856,0.24544928315907427,60.301997604955545,0.417465687689518,24.940594536424147,calibrated_speed,True
dino/6/cls,384,0.9904782890597513,0.0953095638129679,0.9904782890597513,0.09530956381296758,-0.13407718733308993,1.8685591312869507,0.06359553372075322,0.3701269342744381,0.9870424933482916,0.0736714433872429,0.007655198090386728,0.9632360898072512,-0.09777182189674782,0.21841217762048484,0.9969675506742363,3.492544294033174,0.024495342652498888,87.65343395971956,0.28352941032653484,69.54306464287012,29.277546496148492,26,0.008867739401687082,84.59652608780605,0.19218582007862528,61.4462204295136,0.009465360406911183,82.0916829502166,0.00946536040691304,82.09168295021581,0.20215026769330133,61.80009855521516,0.006536284824533207,83.4368100951636,0.0011268382870444035,87.40540945824829,0.0074662314805420725,85.04304168101645,0.010328630117613995,81.8353535632862,factorized,True
dino/6/individual_patches,384,0.9951515649687575,0.06801109633426629,0.9951515649687573,0.06801109633426768,-0.1729745850989184,1.9003335674014332,0.0321144854063341,0.3762971654603985,0.9931109069753329,0.05448789078565972,-0.0414324983193064,0.9890909374436289,-0.13866743861492137,0.22583693749053246,0.998791037158691,2.233726035978944,0.019214801970385626,88.1327406863775,0.27411290587690434,70.14807982958284,29.79406005940728,27,0.014556599564520274,83.07034024881483,0.21274386372019688,59.189062267116725,0.002142757710418433,86.45324457743146,0.002142757710420241,86.45324457742979,0.21906379724690636,58.015298827246674,0.002977614623367251,85.9142518131405,0.0030546997895730733,85.6109161454219,0.002182610397542986,87.32225725396842,0.004283764448368105,84.69255314293797,factorized,True
dino/6/pooled_patches,384,0.9951515629760184,0.06801111031077182,0.9951515629760181,0.06801111031077335,-0.1729722714693791,1.9003316932474232,0.03211689956776698,0.3762966961679786,0.9931108837584012,0.0544879245716862,-0.04143336167553091,0.9890901883843548,-0.13866592157855373,0.2258365468988741,0.9987910436149534,2.2337249068204788,0.019213597043159256,88.13282749571404,0.27411178138461756,70.147972750127,29.794071807335232,27,0.014556446941248908,83.07037675518944,0.21274146731984925,59.18919914210977,0.002142733528330083,86.45337405331803,0.002142733528327571,86.45337405332084,0.2190597422321014,58.01563140753635,0.002977464007341873,85.9143444941121,0.0030543691780323765,85.61104671852922,0.002183480654041295,87.32172307955972,0.004281572431370859,84.69384563369773,factorized,True
dino/6/projected_aggregate,128,0.9874643642046229,0.10935840525266226,0.9874643642046224,0.1093584052526646,-0.05938525151164642,1.8059781843254452,0.1493003076604854,0.35278254559013206,0.9865374144983243,0.07382995108222913,0.07952895910050128,0.9267969828391414,0.018561196686666226,0.2093875262243906,0.9977437532679376,2.9908751786967187,0.04191097109608474,86.82600618808488,0.32593518309973335,65.669314123119,25.99517731067191,23,0.03477485161318156,79.25255856474816,0.24381667823470501,55.94413184340112,0.016714636581344252,81.91049240526765,0.016714636581341764,81.9104924052684,0.21316144312013294,58.99097072852628,0.00864813136284397,84.12477198144917,0.006798593172573246,83.3061097347367,0.02363985815453601,81.15554241207816,0.04466187635362841,74.78154041767188,factorized,True
dino/6/projected_patches,8,0.5442588652580669,0.6593835375148455,0.5442588652580669,0.6593835375148455,-0.012165053910306423,1.765270273782971,0.0751905160010744,0.36782825700848665,0.6093788367176097,0.4302598351330707,0.07479697885978087,0.9408820417987,0.0017973256640057,0.20904315014572114,0.8947465397925849,21.743055937429535,0.0370810920365613,87.15408042325448,0.21366997768730026,74.16022530496106,4.567921813364405,4,0.23127130044659167,61.25536007540666,0.4428805509312326,31.61684678639038,0.41181016582785906,25.168400738202298,0.41181016582785823,25.1684007382024,0.49254661118910625,36.38572653252846,0.3879206937643975,28.655830569748495,0.5967146470901411,10.923484857879846,0.9118908295989103,17.26741802453158,0.49515333350561147,17.354277024567534,factorized,True
predictor/1/individual_visual_tokens,8,0.6554810445700698,0.5724558453710652,0.6554810445700685,0.5724558453710664,0.2330623720331385,1.5538370083864952,0.10178343901143072,0.3793203954666931,0.5019075540367413,0.4785600947063071,0.16270347814980546,0.9131416962413739,0.024312591950322537,0.21698988688441015,0.9333744575408541,16.39199535407958,0.4119910539392708,58.98318188716083,0.2504270438306737,71.8054748334957,2.968285094733619,3,0.3144108362440413,55.894153078391355,0.7163485531721601,27.365440133417305,0.20474439816947768,57.44255829027257,0.20474439816947768,57.44255829027254,0.6519031404822306,29.56786518447738,0.2629281689793307,54.31007314719286,0.2321220613703087,49.70689294868887,0.1645684515566385,66.0668570141749,0.5630081079862014,12.578972465112866,factorized,True
predictor/1/pooled_visual,8,0.6554815217376881,0.5724554489378899,0.6554815217376869,0.5724554489378911,0.23306243039421193,1.5538369492659134,0.1017834379212057,0.37932039569689624,0.5019077480914345,0.478560035297279,0.16270354345450888,0.9131416971842032,0.024312644835482122,0.21698987496313152,0.9333745760385552,16.391977184059296,0.41199083287141536,58.98320600685643,0.25042711930587946,71.8054543319624,2.9682955195696947,3,0.3144114583365479,55.894114692929946,0.7163474276542368,27.36569751587214,0.2047456296563262,57.4425057048243,0.20474562965632678,57.44250570482435,0.6519013931194764,29.568080716481525,0.2629292955506006,54.3101462634219,0.2321203955068656,49.70702408322431,0.16457066448685673,66.06668604002367,0.5630079792743733,12.578992129124458,factorized,True
dino/6/cls,384,0.9904782890597513,0.0953095638129679,0.9904782890597513,0.09530956381296758,-0.13407718733308993,1.8685591312869507,0.06359553372075322,0.3701269342744381,0.9870424933482916,0.0736714433872429,0.007655198090386728,0.9632360898072512,-0.09777182189674782,0.21841217762048484,0.9969675506742363,3.492544294033174,0.024495342652498888,87.65343395971956,0.28352941032653484,69.54306464287012,29.277546496148492,26,0.008867739401687082,84.59652608780605,0.19218582007862528,61.4462204295136,0.009465360406911183,82.0916829502166,0.00946536040691304,82.09168295021581,0.20215026769330133,61.80009855521516,0.006536284824533207,83.4368100951636,0.0011268382870444035,87.40540945824829,0.0074662314805420725,85.04304168101645,0.010328630117613995,81.8353535632862,layer_aware_factorized,True
dino/6/individual_patches,384,0.9951515649687575,0.06801109633426629,0.9951515649687573,0.06801109633426768,-0.1729745850989184,1.9003335674014332,0.0321144854063341,0.3762971654603985,0.9931109069753329,0.05448789078565972,-0.0414324983193064,0.9890909374436289,-0.13866743861492137,0.22583693749053246,0.998791037158691,2.233726035978944,0.019214801970385626,88.1327406863775,0.27411290587690434,70.14807982958284,29.79406005940728,27,0.014556599564520274,83.07034024881483,0.21274386372019688,59.189062267116725,0.002142757710418433,86.45324457743146,0.002142757710420241,86.45324457742979,0.21906379724690636,58.015298827246674,0.002977614623367251,85.9142518131405,0.0030546997895730733,85.6109161454219,0.002182610397542986,87.32225725396842,0.004283764448368105,84.69255314293797,layer_aware_factorized,True
dino/6/pooled_patches,384,0.9951515629760184,0.06801111031077182,0.9951515629760181,0.06801111031077335,-0.1729722714693791,1.9003316932474232,0.03211689956776698,0.3762966961679786,0.9931108837584012,0.0544879245716862,-0.04143336167553091,0.9890901883843548,-0.13866592157855373,0.2258365468988741,0.9987910436149534,2.2337249068204788,0.019213597043159256,88.13282749571404,0.27411178138461756,70.147972750127,29.794071807335232,27,0.014556446941248908,83.07037675518944,0.21274146731984925,59.18919914210977,0.002142733528330083,86.45337405331803,0.002142733528327571,86.45337405332084,0.2190597422321014,58.01563140753635,0.002977464007341873,85.9143444941121,0.0030543691780323765,85.61104671852922,0.002183480654041295,87.32172307955972,0.004281572431370859,84.69384563369773,layer_aware_factorized,True
dino/6/projected_aggregate,128,0.9808850275197794,0.13504105556776302,0.9808850275197789,0.13504105556776447,-0.06831140938848357,1.8135706214513314,0.14769085825924944,0.3531161047564367,0.978329673205322,0.09555780814583152,0.04075511310649482,0.9440812874311223,-0.0540078096692902,0.2157137399551597,0.9954553972882313,4.318179412902433,0.03819812049069094,87.04501843035007,0.36030377218180076,63.765822606712824,24.675331136386202,22,0.021317936655784544,81.60442462827807,0.3892556104770645,48.50459461763057,0.04491121261218664,74.96732920500939,0.04491121261218379,74.96732920500992,0.37171202649821133,49.484248485763466,0.03351888759143449,75.40280766090814,0.03971538248837979,73.63715511509992,0.033798340856536935,79.40630112711932,0.02446971721990773,77.44671876528506,layer_aware_factorized,True
dino/6/projected_patches,8,0.38118064114020467,0.7683532475595863,0.3811806411402028,0.7683532475595876,-0.016172939402751885,1.7687618047234117,0.0325725876206,0.37620810380785574,0.40122465635798177,0.5239640895880228,0.03005888281545621,0.9648388787886608,0.04073769477211353,0.2060592370226088,0.8667638888863205,24.51921113807503,-0.015596353275614972,90.61495233712776,0.10783612131824276,82.22654098072724,4.77403844247649,5,0.3590403848633937,53.187391909644944,0.8395726187322211,16.028412229155332,0.23305864874477486,47.019997177497615,0.23305864874477478,47.01999717749762,0.35051519477564413,47.05119977652436,0.3000065545098758,42.37454366019808,0.4062207877063492,41.67125135370612,0.4428235337268827,48.283152303474225,0.5003027062892641,14.980623328012053,layer_aware_factorized,True
predictor/1/individual_visual_tokens,8,0.9990173485215882,0.030572798177884723,0.9990173485215881,0.030572798177886263,0.28995128035501694,1.495097489957765,0.15983920295328413,0.36685705220149833,0.9071234181333929,0.20232962140198754,0.008993947617322529,1.0052138136597528,0.0021823982830860844,0.2215130212645833,0.9939542966563651,4.591846779384731,0.45401298558224323,56.527462069482475,0.31995100709075563,66.36645737234144,2.8297615265707847,3,0.30304560099793293,56.59896797596014,0.46334302282496764,15.801161878925928,0.10394640764048911,64.21615068649608,0.10394640764048205,64.21615068649699,0.45827143822805727,18.03843367146005,0.0759806075339988,67.96938034538316,0.17295911682231951,54.84643907872788,0.043050670983995,78.02490145427605,0.2927500653297702,53.744972937814666,layer_aware_factorized,True
predictor/1/pooled_visual,8,0.9990173518634512,0.03057274619089178,0.9990173518634511,0.030572746190893466,0.28995162980849387,1.495097122048447,0.1598391261258385,0.36685706897488846,0.9071234389185526,0.20232957874392063,0.008993994650307258,1.0052137993991914,0.0021824301972154236,0.22151301647264934,0.9939542994937365,4.59184821620458,0.4540136874658736,56.527420817788226,0.31995050695619276,66.36650196117876,2.8297547464529114,3,0.3030434621674897,56.599101301469936,0.46334495839790146,15.800791787408441,0.10394440969685806,64.2164143561794,0.10394440969686132,64.21641435617883,0.4582720338471971,18.03808837967275,0.07597913351113136,67.96960323725264,0.1729599708546429,54.846329375164025,0.04305771691215567,78.02390701230702,0.2927367242549518,53.74506614028601,layer_aware_factorized,True
