representation,n_train,feature_dim,astar_spearman,astar_r2,speed_r2,direction_cosine,collision_accuracy,collision_auc,action_magnitude_r2,action_decode_r2,action_to_latent_r2,astar_action_subspace_overlap,speed_action_subspace_overlap,direction_action_subspace_overlap,selection_score
dino/0/cls,1227,384,0.9122092702781028,0.8276508537029079,-0.08728418643438163,0.5457883383904609,0.9288025889967637,0.41305036426987646,-0.16333446499093163,-0.08521045020765339,-0.0016204183472285916,0.003150934022905365,0.006823386156139714,0.004385101412600769,0.29159952173371273
dino/0/individual_patches,48099,384,0.037475767759833606,-491.67883412503016,-0.025742753493203985,0.28313120172985656,0.9282411993923783,0.43725523442943015,-0.048907688667853,-0.018789611718604826,-7.909770747738243e-05,0.04295169460660323,0.0040501453024917285,0.010940886671007505,0.06412139389793803
dino/0/pooled_patches,1227,384,0.9746078471318328,0.9479965724290006,-0.3044538768966829,0.8184263948986092,0.9288025889967637,0.35761799176433323,-0.25473505121122075,-0.14993668360650547,-0.0022086417328233132,0.002256180870534395,0.0010129308136504571,0.014686551721958468,0.35860684840608836
dino/0/projected_aggregate,1227,128,0.8524518026763243,0.6948549278382067,-0.008178995348383289,0.40185558516829656,0.9288025889967637,0.46484003801076973,-0.05716866327617742,-0.04238986435438097,0.00039776573093774914,0.0078029089384303,0.004142334159161782,0.01602280587428171,0.25086147756892413
dino/0/projected_patches,48099,8,-0.0003108969979347465,-0.0010125462694430265,-0.0023771270882797513,0.01769766843175695,0.9288025889967637,0.5114953653431016,-0.008306827233531378,-0.005199768515502301,-4.149512739304306e-05,0.019588003856065378,0.19566908767175084,0.2982265618268387,0.008137679823592023
dino/1/cls,1227,384,0.940798816648194,0.8754626320644745,-0.15973467558512056,0.6666327538007543,0.9288025889967637,0.397212543554007,-0.25130332761558183,-0.05041287201188416,-0.0017070643135810304,0.0003073293285903485,0.00477157190242103,0.015245293268408056,0.3214863140897896
dino/1/individual_patches,48099,384,0.03460065344300615,-224.12070264827264,-0.017274902654231816,0.20781821773738704,0.9285053827356186,0.4425835133365532,-0.04089457578014666,-0.02177379150456127,-6.532236619150034e-05,0.007439731218402988,0.00168266157732375,0.005859039080748776,0.048483774236078636
dino/1/pooled_patches,1227,384,0.9866164624171957,0.9744933059200628,-0.23880220790859918,0.8470351668948817,0.9288025889967637,0.33370288248337027,-0.4262138231195409,-0.16110874481143345,-0.0016519297697441537,0.0010555585842913248,0.002173551485676551,0.011397609807324023,0.36673032586241544
dino/1/projected_aggregate,1227,128,0.9145599647872887,0.8306603289629619,-0.01357436676754098,0.5725881203668818,0.9288025889967637,0.4748178650617675,-0.1046937712665279,-0.047239210893715855,0.0011333411261473803,0.03672919550573475,0.006906723557179136,0.043855925005948954,0.2974296170308341
dino/1/projected_patches,48099,8,0.0016130969362555115,-0.0011327258010969121,-0.0020659206976860744,0.028237978394494156,0.9288025889967637,0.46556865362164984,-0.008506379377653195,-0.005215464085867261,-0.00013408058475250506,0.5831719669339356,0.2706903681341441,0.45681812512461517,0.005970215066149934
dino/10/cls,1227,384,0.9848223103450171,0.9702248533539677,-0.1293909193977163,0.8407855418089625,0.9288025889967637,0.41273360785555907,-0.1941583600318424,-0.07374359549016618,-0.0004249457694769365,0.0009834521852288775,0.0014231347962048483,0.012956940510187285,0.3651215704307959
dino/10/individual_patches,48099,384,0.0633156311378195,-74.38440627070361,-0.0041955833224902594,0.4939210669275145,0.9288025889967637,0.4262650170706773,-0.040037888543184685,-0.007198235997480484,-0.00015298704576771627,0.008562352101414853,0.006784162301177018,0.07462009444449286,0.11144733961306678
dino/10/pooled_patches,1227,384,0.9925776884402353,0.9879694169195763,-0.18874069666360715,0.8875900086729555,0.9288025889967637,0.38961038961038963,-0.23685027321871366,-0.11799931790225004,-0.0022266474250147716,0.0046797501087604415,0.0007330587855581949,0.016556640082415204,0.3760335394226382
dino/10/projected_aggregate,1227,128,0.9766142319637213,0.934250625308422,-0.0012279903423837446,0.7561588011349744,0.9288025889967637,0.45169464681659804,-0.03445754875236995,0.030252701481936706,0.003915658342803274,0.009665668354266532,0.0022472822079801463,0.02151308268076559,0.3526051469161265
dino/10/projected_patches,48099,8,-0.006217340721967531,-0.015456698591787665,-0.001951741541911467,0.10144622023763405,0.9288025889967637,0.47768926987316684,-0.008268539896250093,-0.004344719986799417,0.0002734872461980231,0.6060772547212678,0.49471539234745715,0.41655976039688913,0.02028924404752681
dino/11/cls,1227,384,0.9914937823524321,0.9862515846200232,-0.16964205702052104,0.858058747371573,0.9288025889967637,0.4406081723154894,-0.19338773283154387,-0.0812527787041113,-0.0021494251123470587,0.0003544129043501556,0.0003688463357288194,0.01797521799390503,0.369910505944801
dino/11/individual_patches,48099,384,0.3537519382699393,-4.702209428553834,-0.04188060282619799,0.7248996646397124,0.9287695660788587,0.4364556586534726,-0.12556563242921648,-0.004690462220710234,-0.0006051975739509441,0.002355539307341487,3.481982460452625e-07,0.03361170646196612,0.21573032058193037
dino/11/pooled_patches,1227,384,0.9918580880802804,0.9858660716669854,-0.11675814351330094,0.8813416356469032,0.9288025889967637,0.4471016788089959,-0.20539519137788287,-0.0732800930360833,-0.0026884885043321205,0.0009229888529425133,0.00012513410558049435,0.01676715580071003,0.3746399447454367
dino/11/projected_aggregate,1227,128,0.9818765402370325,0.9680393938131081,-0.02894938589982443,0.8533472795747842,0.9288025889967637,0.5033259423503326,-0.013126966770682369,0.03469070904405569,0.00827811923042554,0.014871082053149654,0.0005040430873315678,0.007368716599319999,0.37531328271130754
dino/11/projected_patches,48099,8,-0.0011416652500827913,-0.05439557870361278,-0.0031568901086500567,0.166897931986958,0.9288025889967637,0.4555238901751026,-0.00937441070026579,-0.0026277113633401683,0.0003584206408488999,0.17019798734602665,0.4444079972066565,0.8275350920130851,0.033379586397391595
dino/2/cls,1227,384,0.9657507982172061,0.9290655770761383,-0.11933228096797888,0.7370964229932879,0.9288025889967637,0.3770985112448527,-0.21362799742699168,-0.06791988176810793,-0.0014951820456925446,0.0005927780819498181,0.0024294879769950297,0.0047989033571177245,0.34056944424209884
dino/2/individual_patches,48099,384,0.028808964579890618,-191.19914923735428,-0.00820796401708268,0.20223937019011481,0.9286704973251436,0.4484321283089073,-0.027561193480591273,-0.023468183046857494,-6.70992824185479e-05,0.011308143478041847,0.0029410851336946716,0.023304844634151875,0.04620966695400109
dino/2/pooled_patches,1227,384,0.9889702464449218,0.9800087718276725,-0.18279106298674197,0.8639852358333654,0.9255663430420712,0.3579347481786506,-0.30650389624902674,-0.12686531588930738,-0.001156576994671532,0.005362739625927243,0.0013369241326991748,0.01578437975956893,0.37059109645565746
dino/2/projected_aggregate,1227,128,0.9488978178610339,0.8940554030745678,-0.04497496629433462,0.6449234965553664,0.9288025889967637,0.4808362369337979,-0.10173640036598752,0.006224707418144959,0.00521107335267712,0.0018796323553636907,0.003954173190496759,0.006753350589096363,0.32000920436690905
dino/2/projected_patches,48099,8,-0.0011249290043550254,-0.0012542275500533329,-0.00185968208560916,0.02570423191142936,0.9288025889967637,0.5137802397823629,-0.008914240903354242,-0.005171960298973488,-0.00010122886851160473,0.2584891886562994,0.2188837875015127,0.23315070184116912,0.010652942295231019
dino/3/cls,1227,384,0.9811222686134614,0.9639313873232953,-0.1704971539195439,0.8198378904562363,0.9288025889967637,0.332277478618942,-0.19194348340779332,-0.0349441174285392,0.0019237109707201938,0.0019455463441263477,0.0017058170925922944,0.008857566135159603,0.36019203181393955
dino/3/individual_patches,48099,384,0.029645839783454548,-3495.40355527597,-0.012084439697172211,0.3381908838805857,0.9287365431609537,0.42238930247229634,-0.023558180398537854,-0.00917599961784843,-2.8978259793976946e-05,0.006740467006694125,0.0004872806053779296,0.034908149739681815,0.07356734473280804
dino/3/pooled_patches,1227,384,0.9938534021374004,0.9900804727805198,-0.2121287892110486,0.8689887193046019,0.9288025889967637,0.36015204307887233,-0.3353732599487105,-0.11739836588615105,0.0021908587818195713,0.0019525811586327353,0.0006551940642762033,0.026689962578112153,0.3725684242884005
dino/3/projected_aggregate,1227,128,0.9474413673292754,0.8896324376951457,-0.01682631040548843,0.6709269916714303,0.9288025889967637,0.5072853975293,-0.08140074194761149,0.015022685347262699,0.0026707899652702594,0.0034508914550584096,0.017884909463513985,0.012254597503371809,0.3295923678813137
dino/3/projected_patches,48099,8,-0.0003959665238547998,-0.0022634333682760577,-0.002161347494971322,0.022757482266260082,0.9288025889967637,0.48760200750479193,-0.00886455411220366,-0.0046665434838220055,6.519869480059448e-05,0.06763868008240365,0.24431434264095447,0.3223157127609741,0.004551496453252016
dino/4/cls,1227,384,0.9772909223439532,0.947744851575176,-0.06112085363128994,0.7875627913944505,0.9288025889967637,0.41716819765600255,-0.1222151368672253,0.024925412760031573,-0.0005171160642392092,1.6064944506465912e-05,0.000651552252617233,0.006994819148955349,0.35795582529968706
dino/4/individual_patches,48099,384,0.033648449483810086,-391.07931954933264,0.00301456890886842,0.2728247448028139,0.9288025889967637,0.44502546320513425,-0.020281410199210148,-0.01973120663473349,-3.212253388662489e-05,0.002230604954303185,0.0116628291634571,0.07430316330616685,0.06189755263909848
dino/4/pooled_patches,1227,384,0.9945604727832762,0.991248847820845,-0.1622187419182275,0.8972156879039956,0.9288025889967637,0.4094076655052265,-0.4129692241651779,-0.09703904746423309,0.0007250921727366411,0.0009690844879610012,0.0022149669238762295,0.023310553829226425,0.37835523213745437
dino/4/projected_aggregate,1227,128,0.9586075738927164,0.9109464781036218,-0.03325671889520554,0.6884367200468886,0.9288025889967637,0.4588216661387393,-0.057719479289833675,0.02319174801038837,0.0010486112129720615,0.006760771064727975,0.0014254172573214873,0.02706717145982117,0.3340472083899987
dino/4/projected_patches,48099,8,-0.0032888940147117293,-0.005491557716570394,-0.0023116242728191683,0.0219825125763932,0.9288025889967637,0.49659105915772345,-0.008603629666844803,-0.004810614437273708,0.00011166262357031886,0.2098366531276471,0.03424067078975639,0.2128270942608061,0.00439650251527864
dino/5/cls,1227,384,0.9850924715773532,0.9696350049451016,-0.06795218044621376,0.8429575418170239,0.9288025889967637,0.4356984478935698,-0.18644384320676854,-0.02794777030820428,-0.0007755463466636581,0.0025838900601979414,0.0003364114397539997,0.01150092828423283,0.36561000267887545
dino/5/individual_patches,48099,384,0.07810852947056025,-77.90382911241767,0.01080984927637818,0.4344850901636514,0.9288025889967637,0.4236065092453691,-0.022713581646888192,-0.011674334023297428,-2.687865716621829e-05,0.0025629233516266756,0.03626305527351197,0.07797088614183123,0.10468069378211797
dino/5/pooled_patches,1227,384,0.9942175362253298,0.9902870013828938,-0.1780710089933053,0.9063247167799475,0.9288025889967637,0.3930947101678809,-0.2635463602577446,-0.08079528170715089,0.000864509541822378,0.008817003022475917,0.00048353743911483507,0.012475639864168744,0.38010845060105547
dino/5/projected_aggregate,1227,128,0.9686695350379653,0.9325394603150042,-0.023321592188320306,0.7729277796364881,0.9288025889967637,0.46911624960405446,-0.07319879799276063,0.020811108606784035,0.008670991549126428,0.013008592552737541,0.03001927463730998,0.030333212662147734,0.35248168465624746
dino/5/projected_patches,48099,8,0.00013409295212543212,-0.007251073012155773,-0.0016179315207289768,0.06408851352265377,0.9288025889967637,0.5353099133675824,-0.008863104843553016,-0.004222004261634327,0.0002365857192521137,0.22666074676923276,0.13213285060320434,0.45132971517854764,0.026968486641988792
dino/6/cls,1227,384,0.9884360171973703,0.9773575667229253,-0.1284614141665672,0.8822305715114978,0.9288025889967637,0.40291415901172,-0.2036899384874653,-0.04687222544043612,-0.0009283166739562088,0.0019148923739976938,0.0015764339439257404,0.012863716482379115,0.3741333177417736
dino/6/individual_patches,48099,384,0.07488102285320658,-112.62404267821519,0.006644100887260085,0.496162815781947,0.9287695660788587,0.4222658354130505,-0.035016428438286784,-0.011192559636352462,-3.3923796958212904e-06,0.00018425172432909523,0.01349211527091964,0.09614710362249876,0.11553758790448274
dino/6/pooled_patches,1227,384,0.9948871893688873,0.991805529935564,-0.2494804088734135,0.9089472298749435,0.9288025889967637,0.39198606271777003,-0.21403399653248822,-0.12302663372112077,0.0017886570963890902,0.004191382437152036,0.0005121039177170987,0.023852404434661748,0.38076688384876617
dino/6/projected_aggregate,1227,128,0.9650055376893768,0.9235988980039577,-0.026946337604325965,0.8097001549170556,0.9288025889967637,0.4969908140639848,-0.056185692438162294,0.026118361851093175,0.012602718390096967,0.011359965160867649,0.00988883466809272,0.0055533732640601925,0.3601648108915051
dino/6/projected_patches,48099,8,0.0019999273965256663,-0.005273507402172806,-0.002282778926594231,0.05244420209960494,0.9288025889967637,0.4810153936229454,-0.008452155012274032,-0.004364505603579927,0.00016360622551392368,0.39158578250321446,0.09915282324908335,0.4093011874229402,0.01088882589922612
dino/7/cls,1227,384,0.9911828566393591,0.9829975568652797,-0.1100952083222475,0.8689987115376543,0.9288025889967637,0.4531200506810263,-0.20069646296551724,-0.03670059981101881,0.0004438393656513995,0.00011492830707184834,0.0008646352226956085,0.005640398024265885,0.3720363136354027
dino/7/individual_patches,48099,384,0.08130951876361953,-87.30508625626368,0.0031761792709753545,0.5254105026025271,0.9287695660788587,0.42699986622615405,-0.04555813297690192,-0.006985985481620327,-0.00010813962288502843,0.0008386193235734456,0.01381719376077241,0.08248128499577087,0.12197924012742441
dino/7/pooled_patches,1227,384,0.9933359936019004,0.9892880903311246,-0.19041177381329843,0.883332546480628,0.9288025889967637,0.3539752929996832,-0.22126190206148366,-0.1307161803261887,-0.0010847884576399291,0.0015441410778846585,0.0009380863855220039,0.019847920893742134,0.3753337080165057
dino/7/projected_aggregate,1227,128,0.9764618157157452,0.9392080347874727,-0.012618824899363723,0.8108083329992738,0.9288025889967637,0.4490022172949002,-0.05554044186970275,0.03031482864252877,0.02389170895126136,0.0013953441097251224,0.008369661945887865,0.009914693351523748,0.3635169954715095
dino/7/projected_patches,48099,8,-0.004773883682115317,-0.0255121436385497,-0.001976027049530593,0.06557149156929945,0.9288025889967637,0.4557739410658926,-0.008274024195241036,-0.00469054364960142,8.66029924756484e-05,0.27260189027554677,0.127968210596833,0.4823081436021775,0.01311429831385989
dino/8/cls,1227,384,0.9864681655272729,0.9725683974878097,-0.06961501151255334,0.8628971822516674,0.9288025889967637,0.38105796642382006,-0.19378825865817562,-0.0433707746739338,0.0012429161723263027,0.0007879534575177864,0.0016181807816214105,0.013902891593265247,0.3698730695557881
dino/8/individual_patches,48099,384,0.09010229112755011,-31.71671021962215,-0.0019031832169886798,0.5170029761137245,0.9288025889967637,0.4238392777162192,-0.030598128511166056,-0.011635017553855098,-9.862569727348003e-05,0.002848315721427333,0.006251175236213095,0.0690495478825219,0.1214210534482549
dino/8/pooled_patches,1227,384,0.9926802432917733,0.9870198672746892,-0.14001520406714518,0.8961061655802082,0.9288025889967637,0.4178017104846373,-0.18984910349837802,-0.06771366562845715,-0.0011886087953183466,0.0037189236373207347,0.0004767193624006067,0.020545301617162913,0.37775728177439627
dino/8/projected_aggregate,1227,128,0.9697463180691345,0.9162895427217085,-0.013124585523999421,0.7990197907688336,0.9288025889967637,0.4433006018371872,-0.029007003402497178,0.01961017229573725,0.021213178938447763,0.0003481925138522585,0.005353599031001386,0.04091068038054953,0.357675256226741
dino/8/projected_patches,48099,8,-0.005028856550564481,-0.027605249186167358,-0.0023389886938078863,0.0834301645701475,0.9288025889967637,0.4669205742196163,-0.00812970175841743,-0.004309962734269979,0.0002696705634339658,0.3495988594561136,0.07312882726548596,0.48689985710412,0.0166860329140295
dino/9/cls,1227,384,0.9870344914396574,0.9747504459009707,-0.08183665971851917,0.8497579996687087,0.9288025889967637,0.4266708900855242,-0.22425122530177566,-0.03751160194202585,0.0006501647070215055,0.0016167935646373465,0.0019469892394899204,0.0142800699851119,0.3673584982216732
dino/9/individual_patches,48099,384,0.09084217954509469,-98.87267365042855,-0.0045819060988612215,0.5200767677419823,0.9288356119146688,0.4003771723243285,-0.04057338266596888,-0.004073626981237588,-0.00016329690950755982,0.004048191205293299,0.004042948807434819,0.06484947663078736,0.1221837894574154
dino/9/pooled_patches,1227,384,0.9927092504380661,0.9869286678915739,-0.15347409918665722,0.8813858209074487,0.9288025889967637,0.43015521064301554,-0.20118990000113834,-0.10345405789920803,-0.00204505707835434,0.001415423068204635,0.0016485769683709194,0.015022967075906566,0.37481901426910297
dino/9/projected_aggregate,1227,128,0.9819644198755052,0.9544405625745169,-0.00426355160565528,0.7782682185930605,0.9288025889967637,0.43458980044345896,-0.035280105816634766,0.04185958101460563,0.010785055047468406,0.006471904867047282,0.009062042237025463,0.026178370727944166,0.3604184438966343
dino/9/projected_patches,48099,8,0.0007252004515944919,-0.023366976155217323,-0.0020433429890001076,0.0974408916400784,0.9288025889967637,0.4668945681354129,-0.008053861931055062,-0.004428320141081077,0.0002724080823776065,0.48160978225478684,0.5698209556072151,0.43196313648800744,0.019633218418334576
predictor/0/individual_visual_tokens,40082,8,-0.0006170873100315248,-0.0016696585899416139,0.014208478788618417,0.11129464552305779,0.9174757281553398,0.5543654293593044,-0.004330180821064511,-0.00651224273116191,-0.0011671713213250445,0.24535898611443893,0.1865959356284056,0.34729380241235697,0.04684679660605702
predictor/0/pooled_visual,818,8,0.5208712740224319,0.271860604579924,0.04186790971216103,0.5097614720260071,0.9174757281553398,0.6249610955493309,-0.006976315456810989,0.0866903837008397,0.010361291120027816,0.13638546895282447,0.05785276065822888,0.3179761485595386,0.2818226461120203
predictor/1/individual_visual_tokens,40082,8,-0.0053793435285091375,-0.0022958810862230283,0.011691674187518375,0.12392051196823574,0.9174757281553398,0.5772114644367627,-0.00859089222703946,-0.0035322405731326167,0.003170937494058612,0.7807180727342576,0.31843328631650436,0.43625452594353537,0.05800702300585592
predictor/1/pooled_visual,818,8,0.6234177927454119,0.32493955688604415,0.0476092692382899,0.503217686284274,0.9174757281553398,0.7049486461251168,-0.0317364221761709,0.07147803879035253,0.017843293794881365,0.42421304960372874,0.05620820555634075,0.2852717821187914,0.3311240158617124
predictor/2/individual_visual_tokens,40082,8,0.08347365095442472,0.0011825553010987866,-0.0008343815888012251,0.19041943180331006,0.9174757281553398,0.563877834904613,-0.009827479126003569,-0.0028383848237325537,0.0023642709444374743,0.940848837374501,0.49592732965630704,0.3752152179118619,0.08032975051339214
predictor/2/pooled_visual,818,8,0.5570346654290784,0.2687407130877999,-0.0014529904591078502,0.49904944387095673,0.9174757281553398,0.6542172424525365,-0.048769558218309195,0.050954072768460756,0.02011847618836471,0.410808250485879,0.07290566324588499,0.24049580208038618,0.2830945333947138
predictor/3/individual_visual_tokens,40082,8,0.035886334411289134,-0.0050607526566162075,-0.004238288080722796,0.21546828226618872,0.9174757281553398,0.5001987918588232,-0.003364177524614931,-0.008438983668140887,-0.0021076173471983317,0.7907576294806578,0.19527529228801574,0.18717924105840605,0.05035044007902485
predictor/3/pooled_visual,818,8,0.32297096092893773,0.08687957205016883,-0.0110238926712245,0.4271372742944175,0.9174757281553398,0.5017117958294429,-0.02223899624972092,0.020722270854279246,-0.013206785573188329,0.09099097494008473,0.21859032579593574,0.21298637651583988,0.15485081954730406
predictor/4/individual_visual_tokens,40082,8,-0.015170158338881499,-0.004191611785738569,-0.01197381005472753,0.18163346001546574,0.9174757281553398,0.48801119087090616,-0.002760969622318088,-0.009372139852799277,-0.0006753491152884372,0.8087887877963529,0.10980698055813184,0.0955796930230458,0.036326692003093145
predictor/4/pooled_visual,818,8,0.21295057564529804,0.030753727520931196,-0.05025569230141924,0.3955061986687439,0.9174757281553398,0.5434173669467787,-0.025228995780461227,0.01382187338997587,-0.00797485606099535,0.04284393559294019,0.03622275716645539,0.30649991432476625,0.14182267631951503
predictor/5/individual_visual_tokens,40082,8,0.030064142848997097,-7.376514378898413e-05,-0.0013187771536762316,0.21375006872147537,0.9174757281553398,0.45758968472390577,-0.003739477324830265,-0.00866096530885585,8.161004069084932e-06,0.051537483396639605,0.008330944608297674,0.10294052407783584,0.04876284231409449
predictor/5/pooled_visual,818,8,0.548251921178463,0.27342972257698905,0.0011536535965477324,0.4500875367312861,0.9174757281553398,0.5032679738562091,-0.053099031277446196,0.004696491532017455,-0.0027793021941386886,0.040107899039605335,0.20098908695105555,0.2734051665125546,0.2021451101501465
